prefix	invalid	total	percent_invalid
pr	171450	226731	0.7561824364555354
ncbitaxon	34	2438855	1.3940968200241508e-05
eco	2	2007	0.000996512207274539
fbbt	2	17570	0.00011383039271485487
aeo	1	133	0.007518796992481203
ecao	1	465	0.002150537634408602
ehdaa2	1	2456	0.00040716612377850165
obi	1	3735	0.0002677376171352075
rnao	1	623	0.0016051364365971107
